No. Control,Nombre
10101010,Pedro Martinez Ruiz
10101011,Ana Maria Lopez Lopez
10101012,Federico Simpson Simp
10101013,Hugo Sanchez Sanchez
10101014,Carlos Serrano Chavez
10101018,Ana Maria Lopez Lopez
10101019,Federico Simpson Simp
10101020,Hugo Sanchez Sanchez
10101021,Carlos Serrano Chavez
10101022,Antolino Hernandez Ortiz
10101023,Teresa Chavez Ortiz
10101024,Pedro Martinez Ruiz
10101025,Ana Maria Lopez Lopez
10101026,Federico Simpson Simp
10101027,Hugo Sanchez Sanchez
10101031,Pedro Martinez Ruiz
10101032,Ana Maria Lopez Lopez
10101033,Federico Simpson Simp
10101034,Hugo Sanchez Sanchez
10101035,Carlos Serrano Chavez
